x_val,y_val,radius
2.0,0.9,0.5
2,0.9,0.5
0.3019999861717224,0.3619999885559082,0.2
0.2,0.0,0.5
0.2,0.0,0.5
0.2,0.0,0.5
0.5,2,0.9
0.2,0.0,0.5
0.2,0.0,0.5
0.2,0.0,0.5
